query_id,retrieved_docs
011,cts_foc_0001318 cts_soc_0005778 cts_foc_0002188 cdn_foc_0002189 cts_soc_0004507 cdn_foc_0006866 cdn_foc_0006867 cts_soc_0005852 cdn_foc_0006869 cte_foc_0001449 cte_foc_0002936 cdn_foc_0006868 cdn_soc_0003843 cdn_foc_0006870 cts_foc_0002186 cts_soc_0004302 cts_soc_0003018 cts_soc_0002407 cts_foc_0001340 cts_soc_0003399 cdn_foc_0006865 cts_soc_0002553 cts_soc_0005346 cts_foc_0002185 cdn_soc_0002239 cts_soc_0004189 cts_soc_0001509 cts_soc_0005432 cte_foc_0003473 cts_foc_0002187 cts_soc_0000601 cte_foc_0001454 cts_soc_0000784 cts_foc_0005232 cdn_foc_0006872 cts_soc_0000204 cts_foc_0002181 cts_soc_0002288 cts_chi_0001815 cte_foc_0000349 cts_soc_0001379 cts_soc_0004301 cts_soc_0000216 cdn_foc_0001422 cts_soc_0003452 cts_soc_0006041 cte_foc_0001482 cts_soc_0004635 cts_soc_0002950 cts_soc_0002951 cts_soc_0005197 cdn_chi_0000733 cts_soc_0005457 cts_soc_0002967 cts_soc_0000214 cts_soc_0003107 cts_foc_0000096 cts_foc_0005135 cts_soc_0001463 cts_soc_0005853 cts_soc_0002739 cts_soc_0002655 cts_esy_0000206 cts_soc_0004655 cts_soc_0002115 cts_soc_0000928 cts_soc_0002808 cts_soc_0004909 ctc_fin_0001416 cts_foc_0005116 cts_soc_0004077 cte_foc_0000360 cte_foc_0002738 cts_soc_0000085 cts_soc_0000496 cdn_soc_0002344 cdn_chi_0000538 cdn_soc_0002235 cts_soc_0004058 cdn_soc_0002963 cdn_chi_0001284 cts_soc_0001522 cts_chi_0001328 cts_for_0000848 cdn_foc_0007629 cdn_soc_0004942 cte_foc_0002172 cdn_foc_0000859 cts_ent_0000866 cts_soc_0001898 cte_foc_0002101 cts_art_0001571 cte_foc_0002845 cte_foc_0000742 cts_ent_0003441 cte_foc_0000934 cts_soc_0004563 cte_foc_0003546 cte_foc_0003244 cte_foc_0002731
012,cdn_soc_0004841 cdn_edu_0000946 cts_soc_0004752 cts_soc_0006228 cts_for_0001676 cts_for_0001997 cdn_soc_0004071 cts_for_0001697 cts_soc_0004959 cts_soc_0005787 cte_foc_0003562 cdn_edu_0001382 cts_soc_0005786 cts_for_0001973 cts_soc_0005788 cts_for_0001970 cts_for_0001979 cdn_edu_0000876 cts_for_0001980 cdn_soc_0004849 cdn_soc_0004840 cts_soc_0004753 cts_soc_0004715 cts_for_0001677 cts_for_0001993 cts_soc_0004991 cts_for_0001675 cts_for_0001689 cts_soc_0004984 cts_soc_0005420 cts_soc_0005401 cts_ent_0000499 cdn_loc_0001326 cts_for_0001971 cdn_ent_0001376 cts_for_0001216 cdn_edu_0000742 cdn_spo_0000859 ctc_ser_0001133 cts_ent_0003367 cdn_ent_0000166 cts_ent_0000493 cts_ent_0002284 cts_art_0000497 cts_soc_0004749 ctc_tec_0000433 cdn_ent_0000524 cdn_foc_0007589 cts_ent_0000870 cts_art_0000950 cts_ent_0002762 cts_art_0000258 ctc_ser_0000866 cts_art_0001714 cdn_edu_0001379 cts_art_0001862 cts_soc_0001338 cts_art_0001555 cts_esy_0000470 cts_soc_0002710 cdn_edu_0001143 cts_ent_0002426 cdn_loc_0001791 cts_art_0000326 cts_for_0000692 cts_art_0000506 cts_soc_0005866 cts_art_0000698 ctc_ser_0000301 ctc_ser_0000296 cdn_chi_0001625 cdn_soc_0001702 cdn_eco_0002022 cts_ent_0001882 cdn_spo_0000458 cts_art_0001799 ctc_tec_0001481 cdn_edu_0000084 cte_foc_0003079 cts_for_0001821 cdn_edu_0000522 cts_foc_0002317 cts_eco_0002591 cdn_edu_0001372 cte_esy_0000002 cts_ent_0002123 cts_art_0000429 cts_for_0000568 ctc_tec_0001020 ctc_tec_0000275 cdn_loc_0001253 cts_art_0000987 cdn_chi_0001108 cts_art_0000805 ctc_ser_0000867 cts_art_0000846 cts_ent_0001557 cts_art_0000066 cts_art_0001870 ctc_ser_0000868
013,cdn_foc_0006898 cdn_spo_0000100 cdn_spo_0000087 cts_soc_0003142 cts_esy_0000211 cdn_soc_0002582 cdn_spo_0000099 cts_soc_0000949 cdn_spo_0000078 cts_foc_0002215 cdn_spo_0000088 cts_soc_0003653 cdn_spo_0000043 cdn_soc_0002583 cts_soc_0002633 cts_for_0001202 cte_foc_0003538 cdn_spo_0001594 cdn_soc_0002584 cts_soc_0006262 cdn_spo_0001605 cdn_soc_0005118 cdn_spo_0000205 cts_soc_0003499 cdn_soc_0004622 cdn_soc_0001022 cte_foc_0003726 cts_soc_0006088 cts_pol_0002134 cdn_spo_0001357 cdn_spo_0000570 cdn_spo_0001566 cdn_foc_0006894 cdn_soc_0005122 cte_foc_0002059 cdn_foc_0008656 cts_foc_0005562 cdn_spo_0001597 cdn_soc_0000567 cdn_spo_0000956 cdn_soc_0002585 cdn_spo_0000748 cts_soc_0005737 cdn_spo_0001434 cdn_spo_0001133 cts_for_0001876 cts_foc_0004937 cdn_foc_0006895 cts_for_0000996 cdn_soc_0004537 cts_for_0001877 cts_pol_0001474 ctc_dep_0000614 ctc_eco_0001042 cdn_spo_0000034 cts_soc_0003953 cdn_spo_0000481 cdn_spo_0001552 cdn_spo_0001377 cdn_foc_0006896 cdn_spo_0000085 cdn_spo_0000486 cdn_spo_0001140 cdn_spo_0001236 cdn_spo_0001257 cte_esy_0000105 cdn_spo_0001274 cts_soc_0004090 cdn_spo_0000828 cts_for_0000945 cdn_spo_0001081 cdn_spo_0000901 cts_soc_0000742 cts_for_0001878 cdn_spo_0001128 cts_foc_0005013 cdn_spo_0001030 cts_soc_0004791 cts_for_0001404 cts_foc_0004936 cts_esy_0000232 cdn_spo_0001431 cdn_spo_0000836 cdn_foc_0008655 cdn_spo_0000220 ctc_dep_0000088 cte_foc_0001748 cts_foc_0005017 cts_chi_0002606 cdn_spo_0000149 cts_pol_0001629 cdn_spo_0001354 cdn_spo_0000086 cdn_spo_0000314 cdn_foc_0006433 cdn_ent_0000755 cdn_spo_0000770 cts_soc_0006126 cdn_spo_0001441 cdn_spo_0000925
014,cdn_soc_0001663 cte_foc_0003581 cts_soc_0005701 cts_for_0000538 cts_soc_0001862 cts_soc_0000198 cts_soc_0004771 cts_soc_0000166 cdn_soc_0001664 cte_foc_0000999 cts_soc_0000334 cts_soc_0004772 cts_soc_0000094 cdn_soc_0001662 cts_soc_0000250 cte_foc_0003568 cts_soc_0003267 cts_for_0000603 cte_foc_0003612 cts_esy_0000489 cdn_soc_0003578 cts_soc_0005744 cdn_soc_0004731 cte_foc_0000864 cts_soc_0003288 cdn_soc_0001660 cdn_soc_0000206 cte_esy_0000232 cts_soc_0003749 cte_foc_0003572 cts_soc_0005782 cts_soc_0002062 cdn_soc_0002654 cts_art_0000256 cts_soc_0000310 cdn_for_0000192 cdn_ent_0001259 cts_soc_0005813 cdn_soc_0004663 cts_soc_0000246 cts_soc_0005743 cts_soc_0001864 cts_for_0002005 cts_for_0000163 cts_ent_0001365 cdn_foc_0008454 cts_soc_0000988 cts_art_0001001 cdn_soc_0004711 cts_ent_0003228 cdn_edu_0000237 cdn_foc_0006187 cdn_soc_0000349 cts_soc_0005997 cdn_eco_0003798 cdn_ent_0001264 cts_soc_0000316 cts_soc_0006016 cdn_soc_0000620 cdn_soc_0000672 cts_soc_0003107 cdn_soc_0001373 cts_soc_0005756 cte_foc_0003337 cdn_soc_0001398 cts_soc_0003868 cdn_ent_0000677 cdn_soc_0002282 cdn_soc_0000452 cdn_soc_0002980 cdn_edu_0000684 cts_soc_0001838 cts_ent_0000877 cdn_ent_0000023 cts_soc_0000117 cts_ent_0001051 cdn_soc_0003363 cdn_soc_0000383 cts_soc_0000312 cts_pol_0001933 cts_soc_0005720 cdn_loc_0000891 cdn_ent_0000841 cdn_foc_0006249 ctc_ser_0001029 cts_art_0000332 cts_soc_0005904 cdn_soc_0001821 cdn_soc_0000374 cdn_ent_0001095 cdn_soc_0004022 cts_for_0000344 cts_soc_0005886 cte_foc_0001010 cte_foc_0001490 cts_for_0000175 cdn_spo_0000073 cdn_foc_0005387 ctc_fin_0002374 cts_soc_0005323
015,cts_pol_0002104 cts_foc_0003431 cts_ent_0002431 cts_pol_0002130 cts_ent_0002422 cdn_foc_0007442 cts_foc_0004218 cts_pol_0002341 cts_pol_0001986 cdn_foc_0007502 cts_for_0001304 cts_foc_0003930 cdn_eco_0003131 cts_foc_0003364 ctc_foc_0002290 cdn_foc_0003657 cdn_soc_0000106 cts_soc_0005573 cts_soc_0004598 cts_soc_0002624 ctc_sto_0002852 cts_ent_0002614 cts_soc_0000109 cts_pol_0001406 cts_ent_0000496 cte_foc_0001497 cts_pol_0002198 cdn_foc_0003178 cts_eco_0003326 cdn_foc_0007489 cts_foc_0003482 cdn_ent_0000749 cdn_foc_0007672 ctc_cgo_0000726 ctc_fin_0002821 cte_foc_0002307 cts_soc_0003580 cts_pol_0003164 cts_foc_0002453 cts_foc_0000662 ctc_foc_0002111 cts_ent_0000556 cts_pol_0002068 cts_foc_0000791 cdn_soc_0003262 cdn_foc_0004273 cts_soc_0003030 cdn_foc_0003922 cts_pol_0001827 cts_for_0001303 cts_soc_0005307 cts_pol_0002402 cts_soc_0004051 cte_foc_0003308 cts_ent_0001514 cte_foc_0003676 ctc_cgo_0000686 ctc_mnf_0001580 cts_soc_0003804 cts_for_0001348 cdn_foc_0007600 cdn_soc_0004093 cdn_foc_0003475 cte_foc_0003611 cts_foc_0000122 cts_foc_0003272 cts_ent_0001225 cts_int_0000598 ctc_foc_0000110 cdn_foc_0007663 cts_foc_0002461 cts_for_0001203 cdn_eco_0000245 cts_soc_0000938 cts_soc_0003259 cts_pol_0000947 ctc_fin_0001068 cts_foc_0003462 cts_foc_0005422 ctc_dep_0000526 cts_foc_0004640 cdn_foc_0005940 cts_pol_0000532 cts_ent_0000302 cts_foc_0002459 cts_soc_0002896 cdn_soc_0004791 ctc_foc_0002696 cts_foc_0003537 cts_for_0000904 ctc_foc_0001863 cts_soc_0006179 cdn_foc_0003476 cdn_ent_0000177 cdn_soc_0005038 cts_soc_0001410 cts_ent_0002871 cdn_ent_0001288 cts_foc_0003333 cts_pol_0002133
016,cts_soc_0001667 cts_soc_0000900 cdn_soc_0001864 cts_int_0002376 cts_soc_0001669 cdn_soc_0004221 cte_foc_0000351 cdn_soc_0001521 cdn_soc_0004868 cts_chi_0000830 cts_for_0000292 cdn_soc_0000718 cts_esy_0000115 cts_soc_0001272 cts_foc_0001055 cdn_soc_0002852 cdn_soc_0000207 cdn_chi_0000741 cte_foc_0000364 cdn_chi_0000680 cdn_soc_0000870 cts_soc_0002995 cdn_soc_0004702 cte_foc_0000590 cts_soc_0001130 cts_soc_0000005 cte_foc_0000671 cdn_soc_0003505 cts_for_0000265 cts_soc_0003051 cte_foc_0001851 cts_soc_0001063 cts_soc_0000402 cts_for_0000285 cdn_soc_0000677 cte_foc_0000676 cdn_chi_0000698 cte_foc_0001751 cdn_soc_0000553 cdn_soc_0003918 cts_soc_0000851 cdn_soc_0002058 cts_soc_0001113 cte_foc_0000421 cte_foc_0000465 cdn_soc_0000999 cdn_soc_0002593 cdn_soc_0000923 cte_foc_0000363 cte_foc_0000741 cte_foc_0001833 cts_soc_0003162 cdn_foc_0000487 cdn_foc_0006189 cts_soc_0000983 cdn_soc_0004914 cts_soc_0002130 cts_soc_0001350 cdn_soc_0000697 cdn_soc_0000717 cte_foc_0001389 cdn_foc_0006251 cdn_soc_0001679 cdn_soc_0001975 cdn_foc_0006239 cdn_soc_0000918 cts_soc_0001737 cte_foc_0000631 cdn_soc_0002601 cdn_foc_0006264 cdn_soc_0000672 cts_foc_0000561 cdn_soc_0000679 cts_soc_0001202 cts_soc_0001186 cts_art_0000256 cts_soc_0000661 cdn_soc_0000815 cdn_soc_0000996 cts_soc_0000596 cts_for_0000147 cts_for_0000482 cte_foc_0000454 cdn_foc_0006122 cdn_soc_0002484 cdn_soc_0001016 cts_soc_0000110 cts_chi_0000933 cts_soc_0001849 cts_soc_0000842 cdn_soc_0000384 cts_for_0000175 cts_soc_0003113 cts_soc_0003123 cdn_soc_0000648 cdn_soc_0000382 cts_soc_0002932 cdn_soc_0000576 cdn_soc_0002881 cdn_soc_0004450
017,cte_foc_0000094 cts_for_0000083 cts_pol_0000152 cts_pol_0002264 cts_for_0000111 cts_soc_0001693 cts_pol_0000173 cdn_foc_0000172 cts_pol_0000157 cts_for_0001597 cdn_foc_0000324 cts_pol_0000078 cts_foc_0003787 cdn_foc_0000441 cts_pol_0000883 cts_foc_0004742 cts_esy_0000022 cts_for_0001812 cts_pol_0000092 cts_int_0000349 cts_soc_0001575 cts_soc_0003146 cdn_foc_0006867 cts_pol_0002263 cdn_soc_0003519 cdn_foc_0003030 cts_foc_0001965 cts_int_0001454 cdn_soc_0004782 cts_soc_0002974 cts_soc_0005346 cts_int_0000838 cts_pol_0000007 cts_soc_0002121 cts_for_0000200 cts_soc_0002972 cts_pol_0000180 cts_soc_0004507 cts_for_0000655 cts_int_0000915 cts_soc_0003832 cts_soc_0003183 cts_soc_0003021 cdn_soc_0001283 cts_pol_0000179 ctc_sto_0005951 cts_soc_0005432 cts_for_0001165 cts_soc_0001905 cts_int_0001607 cdn_soc_0000777 cts_esy_0000018 cdn_foc_0004979 cdn_chi_0000795 cts_pol_0000181 cts_int_0000377 cts_foc_0001730 cdn_chi_0001385 cts_art_0001140 cdn_foc_0000312 cdn_eco_0000315 cdn_chi_0000796 cdn_chi_0002078 cte_foc_0002986 cdn_soc_0004801 cdn_foc_0004098 ctc_dep_0001216 cts_soc_0005125 cts_soc_0002276 cts_soc_0002443 cdn_soc_0002165 cts_esy_0000245 ctc_chi_0001237 cts_soc_0000613 cts_pol_0002874 cdn_soc_0002849 cte_foc_0001185 cts_foc_0002186 cte_esy_0000012 cdn_soc_0003993 cts_soc_0004635 cts_soc_0003044 cts_soc_0002814 cts_soc_0004369 ctc_mnf_0000280 cdn_foc_0004623 cdn_foc_0000326 cts_soc_0001023 cts_for_0000084 cdn_soc_0002684 cdn_foc_0003493 cts_soc_0000615 cts_soc_0005778 ctc_cgo_0001119 cdn_foc_0008454 cdn_soc_0004741 cts_soc_0002226 cts_foc_0001188 cts_int_0000853 cts_pol_0000672
018,cdn_spo_0000352 cdn_spo_0000517 cdn_spo_0000373 cdn_spo_0000243 cdn_spo_0000941 cdn_spo_0000891 cdn_spo_0000837 cdn_spo_0000899 ctc_cgo_0000362 cdn_spo_0001000 cdn_spo_0001400 cdn_spo_0000963 cdn_spo_0000961 cdn_soc_0001997 cdn_for_0000471 cdn_soc_0002100 cdn_soc_0003877 cdn_spo_0001070 cdn_soc_0003876 cdn_spo_0001119 cdn_spo_0000579 cdn_spo_0001300 cdn_spo_0000588 cts_for_0001628 cdn_spo_0001429 cdn_spo_0000980 cts_foc_0001961 ctc_eco_0001211 cdn_spo_0000974 cdn_soc_0002126 cdn_spo_0000088 cts_soc_0000949 cdn_spo_0000836 ctc_eco_0001345 cts_for_0000743 cdn_spo_0001187 cdn_soc_0002047 ctc_mnf_0001898 cts_for_0000945 cdn_soc_0001707 cts_for_0000991 cts_int_0002350 cts_soc_0002406 cdn_soc_0002127 cte_foc_0002887 cts_ent_0001677 cdn_spo_0001081 cdn_spo_0000087 cdn_soc_0002469 cts_soc_0004596 cdn_spo_0001083 cdn_foc_0003570 cdn_soc_0002099 ctc_dep_0000042 cdn_spo_0001068 cdn_spo_0000473 ctc_sto_0005961 cts_soc_0002147 cdn_soc_0001900 cdn_chi_0001725 cdn_eco_0001224 cdn_soc_0002143 cdn_spo_0000979 cdn_soc_0002583 cdn_soc_0002582 cdn_spo_0001048 ctc_eco_0001433 cdn_spo_0000976 cdn_soc_0002042 cdn_soc_0002076 cdn_spo_0001468 cdn_soc_0003232 ctc_eco_0001642 cdn_foc_0003390 cdn_soc_0001421 cts_soc_0003850 ctc_mnf_0000156 cdn_spo_0001289 cdn_spo_0000893 cdn_spo_0000078 ctc_chi_0001284 cdn_spo_0000509 ctc_dep_0000041 cdn_soc_0003810 cts_soc_0003142 cdn_spo_0001472 cdn_soc_0003217 cdn_spo_0001158 cts_soc_0000382 cdn_spo_0001377 cdn_soc_0002955 cdn_foc_0006898 ctc_cgo_0000694 cts_soc_0002438 cdn_spo_0001486 cdn_spo_0001241 cdn_soc_0004072 cts_ent_0003266 cts_soc_0002269 cdn_eco_0001387
019,cts_pol_0003207 cts_pol_0003217 cdn_foc_0004185 cdn_foc_0005731 cdn_foc_0005643 cts_pol_0002947 cts_pol_0003249 cdn_foc_0004196 cts_pol_0001392 cdn_foc_0005475 cts_pol_0003216 cdn_chi_0001945 cdn_loc_0000247 cte_foc_0001063 cts_pol_0002044 cts_chi_0002472 cdn_foc_0004529 cdn_chi_0001743 cdn_foc_0006845 cdn_foc_0000271 cts_pol_0003316 cdn_soc_0004047 cdn_loc_0000168 cdn_loc_0002146 cts_pol_0003335 cdn_foc_0001125 cdn_chi_0001610 cte_foc_0002399 cte_foc_0003407 cdn_foc_0003604 cdn_foc_0003585 cdn_soc_0001354 cdn_loc_0002091 cts_pol_0002023 cdn_foc_0005801 cdn_foc_0002957 ctc_ser_0000188 cts_pol_0002036 cts_chi_0002140 ctc_ser_0001078 cdn_loc_0001757 cts_foc_0002508 cts_soc_0002716 cdn_loc_0000981 cts_foc_0002208 cdn_foc_0003628 cdn_loc_0001425 cdn_loc_0000683 cts_soc_0001324 cts_pol_0001134 cts_for_0001784 cdn_foc_0007913 cdn_soc_0003445 cts_int_0001615 cdn_foc_0006663 cdn_foc_0001727 cts_pol_0002045 cts_foc_0004138 cdn_loc_0001869 cdn_foc_0005364 cdn_foc_0002383 cdn_foc_0001145 cts_foc_0001246 cts_foc_0001238 ctc_ser_0001181 cdn_soc_0004240 cts_foc_0002977 cts_foc_0002975 cts_for_0000840 cdn_foc_0006950 cts_foc_0002707 cte_esy_0000006 cts_foc_0002338 cdn_chi_0001999 cts_pol_0003061 cts_pol_0000880 cdn_foc_0005442 cdn_ent_0000436 cdn_foc_0001716 cts_soc_0000406 cte_foc_0002337 ctc_fin_0000679 cdn_foc_0005365 cdn_foc_0005840 cdn_chi_0001818 cte_foc_0001624 cts_soc_0000690 cdn_foc_0008312 cts_chi_0000955 cts_ent_0003655 ctc_mnf_0001419 cdn_chi_0000149 cdn_foc_0000075 cdn_edu_0001405 cts_pol_0002985 cts_foc_0001386 cts_soc_0005574 cdn_loc_0002031 cts_int_0001462 cdn_foc_0001361
020,cdn_foc_0008434 cts_int_0002722 cts_int_0002718 cts_int_0002499 cts_int_0002759 cdn_foc_0008510 cdn_foc_0008422 cdn_foc_0008485 cdn_foc_0004774 cts_int_0002740 cts_int_0002833 cdn_foc_0005452 cts_int_0002780 cdn_foc_0008491 cdn_soc_0004973 cts_int_0002787 cts_int_0002742 cte_foc_0003560 cts_int_0002352 cts_int_0002687 cdn_foc_0008498 cdn_foc_0005430 cts_int_0002663 cts_foc_0005081 cdn_foc_0008499 cts_int_0002946 cts_int_0002651 cts_int_0002749 cts_int_0002696 cts_int_0002677 cts_int_0001482 cts_int_0001474 cts_int_0002716 ctc_eco_0001533 cts_int_0002758 cts_int_0002403 cts_int_0002751 cts_int_0002801 ctc_eco_0001637 cts_int_0001453 cts_int_0001459 cts_int_0002811 cts_int_0002723 cdn_soc_0004738 cts_int_0002343 cdn_foc_0005275 cts_int_0002648 cdn_foc_0005287 cts_int_0001499 cts_int_0002761 cts_int_0000401 cts_int_0002897 cdn_foc_0005806 cts_foc_0005252 cdn_foc_0008418 cdn_foc_0008414 cts_int_0002665 cdn_foc_0005532 cts_chi_0002222 cts_int_0002719 cts_int_0002741 cts_chi_0002239 cts_int_0002461 cts_int_0002727 cts_int_0001631 cts_int_0002724 cts_pol_0003230 cts_int_0000384 cts_int_0002790 cts_int_0002744 cts_int_0002726 cdn_foc_0005531 cts_int_0002857 cdn_soc_0004735 cdn_soc_0004818 cts_int_0002841 cts_int_0002938 cts_pol_0003154 cts_int_0002919 cts_int_0001896 cts_int_0002908 cts_int_0002781 cdn_foc_0005529 cdn_chi_0002101 cts_int_0002920 cdn_foc_0008488 cdn_foc_0005603 cts_chi_0001848 cts_int_0002748 cts_int_0002848 cts_foc_0005706 cts_int_0002743 cts_foc_0005251 cts_int_0002762 cts_int_0002840 cts_foc_0005248 cte_foc_0003462 cts_int_0002707 cts_int_0001507 ctc_eco_0001510
021,ctc_ser_0000389 cte_foc_0001429 cts_eco_0001506 cte_esy_0000087 cts_for_0000709 ctc_ser_0000390 cdn_soc_0002006 cts_esy_0000183 ctc_fin_0001382 cts_ent_0000893 cts_eco_0003581 cts_ent_0000925 cte_foc_0003502 ctc_ser_0000424 cdn_loc_0001250 ctc_ser_0000296 ctc_ser_0000301 cts_ent_0001438 cts_soc_0002295 cte_foc_0001364 ctc_ser_0000409 cdn_chi_0001720 ctc_ser_0001155 cdn_chi_0001564 ctc_ser_0000135 ctc_foc_0000976 cte_sto_0000742 ctc_ser_0001255 cdn_chi_0000482 cdn_foc_0002218 cdn_chi_0002055 cdn_soc_0001860 cdn_chi_0002074 cts_chi_0001597 cts_chi_0001906 cdn_chi_0001631 cdn_loc_0001084 cts_chi_0000578 cts_soc_0003703 cts_soc_0006195 cdn_loc_0000431 cts_chi_0000076 ctc_ser_0000091 cts_ent_0001346 ctc_ser_0001209 ctc_ser_0001184 ctc_cgo_0000981 cdn_loc_0002067 ctc_ser_0000540 cts_ent_0001598 cts_soc_0001244 cdn_chi_0001519 cdn_soc_0001676 cts_ent_0001091 cdn_loc_0000293 ctc_mnf_0000492 ctc_ser_0001066 ctc_ser_0000248 cts_ent_0001649 ctc_chi_0001025 ctc_ser_0000137 cts_soc_0004600 ctc_chi_0001192 cts_chi_0002409 cdn_edu_0000108 ctc_ser_0000753 cts_int_0002862 cts_chi_0000910 cdn_eco_0004161 ctc_mnf_0001277 ctc_ser_0000478 cdn_loc_0000819 cdn_eco_0000903 ctc_ser_0000432 cts_chi_0001193 cts_eco_0001607 ctc_ser_0000266 cdn_soc_0003685 cts_for_0001073 cts_for_0001583 cts_chi_0000847 ctc_mnf_0001276 cdn_chi_0000922 cts_int_0000009 cts_art_0001418 ctc_ser_0000027 cdn_chi_0000945 ctc_ser_0000813 cts_chi_0002034 ctc_ser_0000174 cdn_loc_0001849 cte_foc_0001689 cts_ent_0000244 cts_ent_0001511 cdn_loc_0001991 ctc_ser_0000805 cdn_loc_0000569 ctc_fin_0001060 cdn_eco_0003984 cts_int_0002356
022,cdn_soc_0001195 cdn_soc_0000174 ctc_foc_0001687 cdn_soc_0001383 cdn_soc_0001068 cdn_foc_0006425 cdn_foc_0000844 cts_foc_0000992 cts_foc_0000252 ctc_dep_0000432 cdn_foc_0001293 cts_foc_0000162 ctc_foc_0000388 cdn_eco_0003796 cdn_eco_0000803 cdn_foc_0001758 cdn_soc_0000992 cdn_soc_0000836 cts_soc_0002321 cdn_foc_0005119 ctc_dep_0000350 cdn_eco_0000802 cts_foc_0000794 cdn_soc_0001196 cts_eco_0000661 ctc_dep_0001593 cts_for_0000109 ctc_foc_0000079 ctc_foc_0000494 cdn_soc_0000824 cdn_soc_0001355 cts_eco_0000767 ctc_foc_0000624 ctc_foc_0000961 ctc_foc_0000698 cts_foc_0000797 ctc_dep_0000149 ctc_dep_0000237 ctc_foc_0001013 cts_foc_0004652 ctc_foc_0000499 cts_eco_0000713 cdn_soc_0000417 ctc_foc_0001014 cts_pol_0000134 ctc_dep_0000148 ctc_foc_0003252 ctc_foc_0003560 cts_eco_0003860 ctc_foc_0000538 cts_eco_0003092 ctc_foc_0000709 cdn_foc_0004860 cdn_soc_0001139 ctc_mnf_0002393 cdn_eco_0003686 cdn_foc_0007940 cdn_soc_0001090 cdn_soc_0000282 cdn_spo_0000947 cts_foc_0005006 cts_foc_0003666 cts_soc_0000441 cdn_eco_0003084 cts_soc_0003697 cdn_eco_0001180 cdn_soc_0001801 cts_pol_0000083 cdn_edu_0000569 cdn_soc_0001023 cdn_foc_0006432 ctc_foc_0003142 cts_pol_0000015 cdn_soc_0001560 cdn_eco_0002536 ctc_dep_0001219 cdn_eco_0001201 cte_foc_0000854 ctc_dep_0000676 ctc_dep_0000724 cdn_eco_0003578 cts_pol_0000543 cdn_soc_0000866 ctc_dep_0001397 ctc_dep_0000506 cdn_soc_0001192 cts_foc_0004118 ctc_foc_0000564 cts_pol_0000428 ctc_foc_0000782 cdn_loc_0000580 cdn_eco_0002611 cdn_eco_0002633 ctc_foc_0000073 ctc_foc_0000567 ctc_foc_0000792 ctc_foc_0003169 cts_foc_0005005 cdn_for_0000127 cdn_eco_0000104
023,cte_foc_0002963 ctc_dep_0001126 ctc_dep_0001128 cdn_spo_0000979 ctc_eco_0001211 ctc_mnf_0002033 ctc_dep_0001127 cts_eco_0003677 cdn_spo_0000980 cdn_spo_0000976 cdn_spo_0000974 cte_foc_0002955 cdn_soc_0003877 ctc_ser_0001105 cdn_spo_0000963 cdn_spo_0001429 ctc_ser_0000690 cts_ent_0002376 cte_foc_0000435 cdn_soc_0000761 cts_ent_0003075 cdn_spo_0001400 cdn_spo_0000873 cdn_spo_0000826 cdn_soc_0001055 cdn_for_0000471 ctc_ser_0001129 ctc_ser_0001106 cts_int_0000957 cdn_foc_0002588 cdn_spo_0001000 cdn_spo_0001135 cts_ent_0003513 cdn_spo_0001119 ctc_ser_0000551 cdn_spo_0000243 ctc_cgo_0001167 cdn_spo_0000373 ctc_ser_0001016 cts_for_0001671 cts_soc_0001124 cts_int_0002379 cts_ent_0003375 cdn_soc_0004179 cdn_soc_0003876 cts_ent_0000863 cts_art_0000207 cdn_spo_0001341 cts_ent_0003034 cdn_spo_0001049 cts_ent_0001341 cts_ent_0003193 ctc_mnf_0001947 cts_art_0001610 cdn_spo_0000981 ctc_mnf_0000530 cdn_spo_0000332 ctc_ser_0000865 cts_int_0002924 cts_ent_0002111 cdn_loc_0000040 ctc_sto_0003558 ctc_mnf_0001658 ctc_dep_0000089 ctc_chi_0001880 ctc_mnf_0000082 ctc_sto_0002565 ctc_mnf_0001592 cts_esy_0000058 cte_foc_0001711 cts_ent_0003346 ctc_ser_0000247 cdn_ent_0000912 cdn_spo_0001486 ctc_ser_0001062 cts_art_0001792 ctc_mnf_0000493 ctc_cgo_0000909 ctc_mnf_0002080 cdn_spo_0001158 cts_ent_0001784 cts_ent_0002045 ctc_fin_0000860 ctc_mnf_0001715 cts_ent_0001831 ctc_sto_0005955 cts_ent_0000981 ctc_tec_0001878 cdn_loc_0001544 cts_ent_0002125 cts_int_0002538 ctc_mnf_0001062 cts_chi_0002021 cts_ent_0000090 ctc_sto_0003032 cts_ent_0002329 cdn_spo_0001147 cdn_loc_0000018 cdn_eco_0001492 cts_ent_0001242
024,cts_soc_0004251 cts_soc_0004283 cts_for_0001435 cdn_soc_0003631 cdn_soc_0003638 cts_soc_0004201 cdn_soc_0003683 cts_soc_0004303 cts_soc_0004282 cts_soc_0004350 cdn_foc_0004373 cte_foc_0002721 cts_for_0001851 cdn_foc_0003626 cdn_foc_0004355 cts_soc_0004349 cdn_soc_0003618 cts_for_0001478 cts_for_0001436 cts_for_0001529 cts_for_0001479 cdn_loc_0000434 cts_chi_0001088 cts_soc_0004250 cts_for_0001513 cte_foc_0002716 cdn_loc_0000981 cts_for_0001441 cts_for_0001618 cdn_soc_0001054 cdn_soc_0005145 cts_soc_0001324 cte_esy_0000185 cts_chi_0001875 cts_soc_0001325 cdn_loc_0000191 cts_for_0001527 cdn_loc_0000595 cdn_loc_0000387 cdn_chi_0000910 cdn_loc_0000523 cts_soc_0000406 cts_soc_0000475 cdn_loc_0001758 cdn_chi_0000837 cdn_loc_0000633 cdn_loc_0001134 cdn_loc_0000146 cts_soc_0003014 cdn_loc_0000012 cdn_loc_0000225 cdn_loc_0000939 cdn_loc_0002143 cdn_loc_0001703 cdn_loc_0000637 cts_soc_0000821 cte_foc_0001721 cdn_loc_0001572 cts_chi_0001025 cts_chi_0001016 cdn_loc_0002240 cdn_chi_0000718 cdn_loc_0001970 cdn_loc_0001830 cts_for_0001835 cdn_loc_0001762 cdn_loc_0000343 cdn_loc_0001894 cdn_loc_0000050 cdn_loc_0000538 cdn_loc_0000097 cdn_chi_0000830 cdn_loc_0001923 cdn_loc_0000596 cdn_loc_0002073 cts_for_0001630 cdn_loc_0001998 cdn_soc_0004240 cdn_loc_0000184 cdn_soc_0004688 cdn_loc_0001680 cdn_foc_0002002 ctc_chi_0000515 cdn_loc_0000539 cts_chi_0001089 cdn_loc_0002036 cdn_loc_0001869 cts_for_0001284 cdn_loc_0000813 cdn_loc_0001980 cdn_soc_0003457 cdn_loc_0000306 cdn_loc_0002188 cts_for_0000297 cts_for_0001701 cdn_loc_0000687 cdn_soc_0004993 cdn_eco_0003881 cdn_loc_0001792 cdn_loc_0001044
025,cdn_foc_0005119 cts_foc_0003666 cdn_eco_0003686 cdn_eco_0003163 cts_foc_0004117 cts_eco_0002928 cdn_eco_0001201 cts_eco_0001645 ctc_foc_0001013 ctc_dep_0000676 cdn_eco_0003084 ctc_foc_0003252 cdn_foc_0004860 ctc_foc_0003638 cts_foc_0004652 ctc_foc_0003257 cts_foc_0005006 ctc_foc_0001334 ctc_foc_0001004 cdn_eco_0003717 cts_foc_0004121 cts_eco_0003127 cts_foc_0005005 ctc_foc_0001014 cts_eco_0003860 cdn_foc_0007931 ctc_dep_0001397 ctc_foc_0001553 ctc_foc_0001948 ctc_dep_0000863 cdn_eco_0002578 cdn_eco_0000104 cts_eco_0003778 cts_eco_0003825 cts_eco_0003203 ctc_foc_0002315 ctc_foc_0002413 cdn_eco_0003653 ctc_foc_0000160 ctc_dep_0000507 cdn_eco_0003578 cts_eco_0003022 cdn_eco_0003776 cdn_foc_0007940 cts_foc_0004118 cts_pol_0000134 ctc_foc_0002622 cdn_foc_0006425 ctc_foc_0001049 cts_eco_0003693 ctc_dep_0001299 ctc_foc_0003169 ctc_foc_0000620 cdn_foc_0007939 ctc_mnf_0002395 ctc_dep_0000677 ctc_dep_0000215 cdn_foc_0007932 ctc_foc_0003504 ctc_foc_0002674 ctc_foc_0003669 ctc_foc_0002614 cts_eco_0003093 ctc_fin_0000825 ctc_tec_0001602 cts_eco_0003861 cdn_eco_0003736 ctc_foc_0003154 cts_eco_0003802 ctc_foc_0003236 ctc_foc_0001687 ctc_fin_0002195 cdn_eco_0000892 ctc_dep_0000353 ctc_foc_0003142 cdn_for_0000461 ctc_foc_0001064 cdn_foc_0007936 cdn_foc_0008144 cdn_eco_0002185 ctc_foc_0000548 ctc_foc_0000026 ctc_dep_0001376 cdn_eco_0004043 cts_foc_0004122 cdn_foc_0008298 cts_eco_0003396 cdn_eco_0001259 ctc_dep_0000612 ctc_foc_0003253 cts_foc_0004120 cdn_eco_0003764 cts_foc_0004625 cts_for_0002040 ctc_foc_0002642 cdn_foc_0007941 cdn_eco_0003531 ctc_fin_0001135 ctc_foc_0003582 cdn_eco_0003886
026,cts_soc_0006096 cts_for_0000818 cts_for_0001482 cts_soc_0000345 cts_for_0002134 cts_soc_0003844 cts_soc_0004430 cts_soc_0004540 cte_foc_0000819 cdn_eco_0002756 cts_soc_0001582 cdn_soc_0003713 cts_for_0000817 cdn_soc_0000050 cts_soc_0001814 ctc_ser_0000741 cts_soc_0005905 cts_soc_0003085 cts_soc_0003958 cts_for_0001074 cts_foc_0004640 cte_foc_0002123 cts_soc_0003633 cdn_soc_0004234 cts_pol_0001917 cts_foc_0005088 cts_chi_0002417 cts_soc_0002730 cts_art_0000731 cts_soc_0004537 cts_soc_0002349 cts_soc_0004952 cdn_loc_0001201 ctc_fin_0002077 cdn_soc_0000449 cts_soc_0002268 cdn_soc_0000044 ctc_fin_0000696 cts_soc_0004372 cts_soc_0000938 cte_foc_0000603 cts_foc_0005443 cts_foc_0005422 ctc_mnf_0001022 cts_chi_0000987 cdn_soc_0002256 cts_soc_0005856 cts_soc_0000373 cts_soc_0002443 cts_soc_0002809 cte_foc_0002307 cts_soc_0005935 cts_soc_0004292 cts_ent_0003699 cdn_ent_0000073 cts_art_0000845 cts_soc_0001491 cts_ent_0001000 cte_foc_0002986 cdn_loc_0000106 cts_int_0000878 ctc_ser_0001039 cts_for_0001084 cts_int_0001573 cdn_foc_0003490 cdn_ent_0000072 cte_foc_0002766 cts_soc_0006129 cts_foc_0000662 cts_art_0000526 cts_soc_0006257 cts_soc_0004214 cts_art_0000484 cte_foc_0002867 cts_soc_0004609 cdn_eco_0001678 cdn_eco_0000628 cdn_foc_0008452 cts_soc_0001392 cdn_loc_0000716 cts_soc_0003804 cts_soc_0004785 cts_art_0000009 cts_soc_0004933 cte_foc_0000683 cts_ent_0000723 cdn_ent_0001363 cte_foc_0000844 cts_soc_0001303 ctc_mnf_0002284 cts_soc_0001014 cdn_loc_0001808 cts_soc_0006188 cts_art_0000825 cts_soc_0002433 cts_soc_0005532 cts_soc_0002796 cts_chi_0001157 cts_eco_0004406 ctc_mnf_0000457
027,cte_foc_0003453 cts_foc_0005071 cte_foc_0003597 cdn_foc_0008080 ctc_dep_0001403 cts_foc_0004272 cdn_foc_0004605 cts_pol_0003352 cts_foc_0005386 cdn_foc_0003845 cte_foc_0000687 cdn_foc_0008578 cdn_foc_0008574 cdn_soc_0000929 cts_foc_0004274 cts_pol_0002510 cdn_foc_0005680 cdn_foc_0005524 cdn_edu_0000237 cts_int_0002861 cdn_edu_0000447 cts_foc_0004916 cdn_foc_0005634 cdn_foc_0008078 cdn_foc_0002786 cdn_soc_0001413 cdn_foc_0004672 cdn_soc_0001270 cdn_foc_0005236 ctc_dep_0001589 cts_pol_0002349 cdn_foc_0005151 cdn_foc_0003263 cts_int_0002378 cts_pol_0002751 cdn_soc_0000963 cdn_foc_0004336 cts_pol_0002681 cts_foc_0003732 cts_foc_0003739 cts_soc_0003144 cts_foc_0005299 cts_soc_0001390 cdn_edu_0000808 cte_foc_0002724 ctc_dep_0001164 cdn_foc_0005238 cte_foc_0000470 cdn_edu_0001189 cts_foc_0003707 ctc_tec_0001385 cdn_foc_0004097 cdn_foc_0005542 cts_pol_0002227 cte_foc_0000960 ctc_eco_0001484 cdn_foc_0004357 cdn_foc_0005080 ctc_dep_0000973 cts_foc_0005322 cts_pol_0002780 cts_foc_0005404 cdn_loc_0002176 cdn_foc_0004065 cts_foc_0005368 cts_pol_0003197 cdn_soc_0001516 cdn_foc_0005538 cts_pol_0002900 cts_pol_0002892 cdn_foc_0004324 cdn_foc_0007640 cte_foc_0002593 cdn_foc_0004825 cdn_foc_0007017 cts_pol_0000847 cts_pol_0002190 cts_foc_0003431 cts_soc_0004514 cdn_foc_0004639 cdn_foc_0005701 ctc_chi_0000760 ctc_dep_0001149 cdn_edu_0001165 cdn_foc_0008312 cdn_foc_0005240 cdn_foc_0004455 cdn_foc_0008352 cte_foc_0003022 cdn_foc_0003601 cts_foc_0004741 cts_soc_0005613 cdn_foc_0005011 cts_ent_0002827 ctc_eco_0001087 cts_foc_0000327 cts_pol_0002818 cte_foc_0003310 ctc_foc_0002348 cdn_foc_0004536
028,cdn_foc_0003953 cts_foc_0000951 cdn_foc_0004158 cts_foc_0005515 cdn_foc_0003762 cdn_foc_0004201 cdn_foc_0003925 cte_foc_0000812 cdn_foc_0004213 cts_foc_0001044 cts_foc_0004003 cts_pol_0000551 cts_foc_0000981 cts_pol_0000553 cts_foc_0004081 cts_foc_0005034 cts_foc_0005029 cts_esy_0000480 cts_foc_0003771 cts_foc_0001150 cdn_foc_0006331 cdn_soc_0003298 cts_foc_0000983 cts_esy_0000090 cts_esy_0000380 cts_foc_0001017 cdn_foc_0003919 cts_pol_0002487 cts_pol_0000566 cdn_foc_0006345 cts_foc_0003939 cts_foc_0004082 cte_foc_0000769 cts_foc_0001142 cts_foc_0000844 cts_foc_0000840 cts_foc_0000979 cdn_foc_0001114 cts_foc_0000926 cts_chi_0000551 cts_pol_0003256 cts_foc_0005521 cdn_foc_0005752 cts_pol_0001907 cdn_foc_0001239 cdn_chi_0000346 cte_foc_0000648 cdn_foc_0001154 cts_pol_0000569 cts_foc_0004080 cts_pol_0000576 cdn_foc_0005775 cte_foc_0002875 cts_foc_0004004 cts_foc_0003687 cte_esy_0000070 cts_foc_0005516 cts_pol_0000508 cts_pol_0000574 cts_foc_0003808 cts_pol_0000540 cts_foc_0000952 cts_pol_0000567 cdn_foc_0004750 cdn_foc_0006323 cts_foc_0003924 cdn_foc_0000936 cdn_foc_0000226 cdn_foc_0001104 cdn_foc_0002519 cts_esy_0000092 cdn_foc_0006297 cts_pol_0000300 cts_chi_0000098 cdn_foc_0000909 cte_foc_0000699 cdn_foc_0000492 cdn_foc_0000937 cts_chi_0000643 cte_foc_0000721 cdn_foc_0004823 cdn_foc_0004139 cdn_foc_0000834 cts_foc_0005670 cts_pol_0003299 cdn_foc_0005727 cts_foc_0001331 cts_pol_0000432 cts_chi_0000269 cts_for_0001557 cdn_foc_0000916 cdn_foc_0001992 cdn_foc_0001451 cts_foc_0000782 cts_foc_0002466 cdn_chi_0000855 cdn_foc_0000599 cts_foc_0005037 cts_pol_0001218 cdn_foc_0005796
029,cts_soc_0001027 cts_eco_0000871 cdn_soc_0005161 cdn_soc_0004992 cte_foc_0003124 cdn_soc_0004134 cdn_loc_0001805 cdn_soc_0000160 cts_soc_0005957 cdn_eco_0001492 cts_for_0000451 cdn_soc_0004993 cts_soc_0000898 cts_soc_0001141 cts_foc_0000816 cdn_loc_0000044 cts_for_0000264 cdn_soc_0004994 cts_soc_0001140 cts_foc_0000813 cts_soc_0006052 cts_for_0001999 cts_soc_0006120 cdn_soc_0005146 cts_eco_0003496 cdn_soc_0003966 cts_for_0002008 cte_foc_0000517 cdn_soc_0004133 cdn_soc_0002877 cts_soc_0005063 cdn_soc_0005091 cts_soc_0001167 cts_soc_0004074 cts_soc_0000686 cts_soc_0006051 cts_soc_0005956 cts_for_0002055 cdn_soc_0004218 cts_for_0001655 cdn_soc_0000910 cte_foc_0000526 cdn_chi_0001597 cts_soc_0002210 cts_esy_0000522 cts_for_0000316 cdn_loc_0001459 cts_soc_0005822 cts_foc_0001024 cts_for_0002063 cdn_soc_0004219 cdn_loc_0001400 cts_foc_0000838 cte_foc_0001102 cts_foc_0000784 cts_soc_0004073 cdn_eco_0000724 cdn_soc_0000603 cts_for_0000267 cdn_soc_0002991 cts_for_0000103 cdn_soc_0000932 cdn_soc_0002927 cdn_chi_0001538 cdn_chi_0000040 ctc_mnf_0001279 cts_soc_0001088 cts_soc_0000158 cts_for_0001242 cdn_chi_0000309 ctc_chi_0001533 cdn_soc_0001415 cdn_foc_0003515 cts_soc_0004276 cdn_soc_0003457 cts_soc_0001168 cdn_loc_0001461 cts_soc_0000147 ctc_dep_0000560 cts_int_0000260 ctc_foc_0000593 cdn_soc_0002441 cts_foc_0001026 cdn_soc_0005109 cts_soc_0001453 cts_eco_0003397 ctc_ser_0001124 cdn_soc_0003780 cts_foc_0000611 ctc_sto_0006211 cdn_soc_0000166 cts_soc_0001221 cts_chi_0001392 cdn_foc_0000417 cdn_soc_0000978 cdn_loc_0000691 cts_int_0000043 cts_for_0001521 ctc_mnf_0001508 cts_foc_0001087
030,cdn_eco_0002170 ctc_dep_0000655 cts_eco_0001675 ctc_sto_0003051 ctc_fin_0002281 ctc_fin_0002041 cdn_eco_0001876 ctc_sto_0004658 cte_sto_0000721 ctc_dep_0000654 ctc_sto_0004657 ctc_dep_0000653 ctc_sto_0002388 cts_foc_0004208 ctc_sto_0005109 ctc_foc_0001359 cdn_eco_0001588 ctc_sto_0002385 cts_eco_0002151 ctc_sto_0002668 ctc_dep_0000659 cte_sto_0000717 cte_sto_0001345 ctc_dep_0000882 ctc_fin_0001453 cdn_foc_0002322 cdn_eco_0001865 cte_foc_0002993 cdn_eco_0002989 cdn_eco_0000482 cdn_eco_0000524 cdn_eco_0002369 cts_eco_0001382 cte_foc_0002998 cte_sto_0000702 cdn_eco_0003187 ctc_foc_0001806 ctc_foc_0001247 ctc_sto_0002881 cts_art_0001784 cts_eco_0001728 ctc_foc_0002431 cdn_foc_0006835 ctc_foc_0002401 ctc_foc_0001860 cdn_eco_0001759 cdn_eco_0001744 cts_eco_0001602 cdn_foc_0002106 cts_eco_0003607 ctc_sto_0002082 cdn_eco_0000218 cdn_eco_0002568 ctc_sto_0004396 ctc_sto_0002315 cdn_eco_0001513 ctc_foc_0002465 ctc_sto_0005785 ctc_sto_0002665 cts_eco_0001758 ctc_sto_0000511 cdn_eco_0002698 ctc_fin_0002754 ctc_sto_0006413 ctc_foc_0002588 cdn_eco_0003147 cdn_eco_0003817 cts_eco_0001877 cts_eco_0002622 ctc_fin_0001811 cte_sto_0000731 ctc_fin_0002325 ctc_fin_0002397 ctc_foc_0000839 cte_sto_0001158 ctc_foc_0002682 cdn_foc_0008145 ctc_fin_0002876 cts_eco_0002535 cdn_eco_0003540 cdn_eco_0002184 ctc_foc_0002108 cdn_for_0000498 cdn_chi_0000896 cdn_foc_0004317 cdn_eco_0001329 ctc_sto_0000320 ctc_dep_0001248 cdn_chi_0002012 cts_eco_0002810 cdn_eco_0003510 cdn_eco_0002461 cdn_eco_0001628 cdn_foc_0008329 ctc_dep_0000859 ctc_sto_0003327 ctc_esy_0000111 ctc_sto_0006057 cts_eco_0002907 cts_eco_0001802
