query_id,retrieved_docs
011,cts_foc_0002188 cdn_foc_0006865 cte_foc_0001449 cdn_foc_0006869 cdn_foc_0002189 cdn_foc_0006866 cte_foc_0001454 cdn_soc_0002239 cts_foc_0002187 cdn_foc_0006870 cts_soc_0004302 cts_soc_0004301 cts_foc_0002185 cts_soc_0002407 cts_esy_0000206 cts_soc_0005346 cts_foc_0002186 cdn_foc_0006868 cts_soc_0005432 cdn_foc_0006872 cts_soc_0002655 cdn_soc_0002235 cte_foc_0001482 cdn_soc_0002234 cts_foc_0002181 cdn_foc_0006867 cts_soc_0003399 cts_soc_0001509 cts_soc_0001344 cts_for_0000848 cts_for_0000839 cte_foc_0002845 cts_soc_0005778 cts_soc_0002667 cts_soc_0003452 cts_soc_0003418 cts_soc_0001424 cts_foc_0001318 cts_foc_0002183 cte_foc_0002164 cts_soc_0000214 cts_chi_0001815 cts_soc_0000216 cts_soc_0004507 cts_foc_0004309 cte_foc_0002731 cts_soc_0002814 cte_foc_0001505 cte_foc_0002738 cts_soc_0003453 cts_soc_0000496 cts_foc_0003151 cts_soc_0000085 cts_foc_0001340 cts_soc_0002553 cts_soc_0004077 cdn_soc_0002963 cts_soc_0001169 cte_esy_0000105 cts_soc_0004189 cts_soc_0001522 cts_soc_0001197 cdn_foc_0007633 cts_soc_0004152 cdn_chi_0000733 cts_soc_0000928 cts_soc_0003018 cts_soc_0003128 cts_soc_0003192 cts_chi_0001654 cts_pol_0001010 cte_foc_0000360 cts_soc_0000601 cts_soc_0000784 cte_foc_0003473 cts_foc_0003150 cts_soc_0002115 cts_soc_0000933 cdn_soc_0003843 cts_soc_0000923 cts_for_0000837 cts_soc_0000595 cts_soc_0000594 cts_soc_0004909 cdn_chi_0001284 cts_foc_0005232 cts_soc_0004630 cts_chi_0000743 cts_soc_0001209 cts_chi_0000737 cdn_foc_0000859 cdn_foc_0007629 cts_soc_0001333 cts_soc_0001323 cdn_soc_0004942 cts_pol_0002876 cts_soc_0000204 cts_soc_0000001 cts_soc_0004345 cts_foc_0003520
012,cdn_edu_0000876 cts_soc_0004991 cts_soc_0004984 cdn_soc_0004841 cte_foc_0003562 cts_for_0001970 cts_soc_0005788 cts_for_0001997 cts_for_0001677 cts_soc_0005420 cdn_soc_0004840 cdn_edu_0000946 cts_soc_0004715 cts_soc_0005787 cts_soc_0006228 cdn_soc_0004071 cts_soc_0005786 cts_soc_0004753 cts_for_0001973 cts_for_0001676 cdn_edu_0001382 cts_for_0001697 cts_for_0001689 cdn_soc_0004849 cts_for_0001971 cts_soc_0004752 cts_for_0001979 cts_for_0001980 cts_for_0001675 cts_for_0001993 cts_soc_0004959 cts_soc_0005401 cdn_loc_0001326 cdn_spo_0000859 ctc_tec_0000433 cdn_edu_0000742 cts_ent_0003367 cts_art_0000326 ctc_ser_0000756 ctc_ser_0001133 ctc_tec_0000194 cts_soc_0005866 cts_soc_0005402 cts_art_0000497 cts_art_0000258 cdn_soc_0001946 cts_for_0001216 cts_eco_0002591 cdn_edu_0001197 cts_esy_0000470 ctc_tec_0001481 cts_art_0001656 cts_for_0001821 cts_art_0000066 cts_soc_0004035 cdn_loc_0002317 cts_art_0000950 cts_soc_0005865 cdn_soc_0004880 cts_art_0000651 cts_eco_0000611 ctc_foc_0001545 ctc_tec_0001325 cts_soc_0003274 cts_for_0000408 cdn_edu_0000835 cdn_edu_0001302 cdn_loc_0000543 ctc_tec_0001530 cts_soc_0005867 cdn_foc_0007589 cts_art_0001680 cdn_loc_0001364 cts_soc_0000448 cts_eco_0001090 cts_eco_0001102 cts_soc_0006023 cdn_eco_0003462 cdn_edu_0001372 cdn_soc_0004069 cts_soc_0005286 ctc_ser_0000520 ctc_ser_0000301 ctc_tec_0000161 ctc_ser_0000296 cts_foc_0003272 ctc_foc_0003569 ctc_tec_0001937 cts_ent_0000167 cts_art_0002021 cts_soc_0004085 cdn_edu_0001143 cts_art_0001943 cdn_foc_0007510 ctc_eco_0001334 cdn_spo_0000991 cte_foc_0001178 cdn_edu_0001271 cts_art_0000760 ctc_ser_0000755
013,cdn_spo_0000087 cdn_spo_0000085 cts_soc_0000949 cdn_spo_0001594 cdn_foc_0006895 cdn_spo_0000043 cdn_soc_0002584 cdn_spo_0000100 cdn_foc_0006898 cdn_spo_0001597 cdn_spo_0000088 cts_esy_0000232 cdn_soc_0005122 cdn_spo_0000078 cdn_spo_0000205 cdn_foc_0006894 cts_for_0000996 cts_soc_0003653 cts_soc_0003142 cts_soc_0002633 cte_foc_0003538 cts_for_0001878 cdn_soc_0002583 cdn_soc_0002585 cts_for_0001202 cts_soc_0006085 cts_soc_0006088 cdn_soc_0002582 cte_foc_0003726 cdn_soc_0005118 cts_esy_0000211 cdn_foc_0006896 cdn_spo_0000099 cts_foc_0002215 cdn_spo_0001220 cte_foc_0002059 cts_soc_0003499 cdn_spo_0000770 cts_for_0001567 cdn_spo_0001605 cdn_spo_0001563 cts_for_0000945 cts_soc_0005737 cts_for_0001876 cts_soc_0006262 cdn_spo_0000956 cdn_spo_0000314 cdn_foc_0008655 cdn_spo_0001552 cts_for_0001877 cdn_spo_0001550 cdn_soc_0001022 cdn_soc_0004622 cdn_spo_0001274 cts_soc_0004090 cdn_spo_0001081 cdn_spo_0000177 cdn_spo_0001257 cdn_spo_0000828 cdn_spo_0001288 cdn_spo_0001030 cdn_spo_0000464 cdn_spo_0001128 cdn_spo_0000901 cts_foc_0005562 cdn_spo_0000260 cdn_spo_0000041 cdn_spo_0000748 cdn_foc_0008656 cdn_spo_0000486 cts_soc_0003953 cdn_spo_0001236 cdn_spo_0000412 cdn_spo_0000481 cdn_spo_0001357 cdn_spo_0000570 cts_pol_0002134 cdn_spo_0000473 cdn_spo_0001321 cdn_spo_0000086 cdn_spo_0000926 cte_esy_0000105 cdn_soc_0002224 cdn_spo_0000375 cdn_spo_0000836 cdn_spo_0000211 cdn_spo_0001161 cdn_spo_0001545 cdn_spo_0001354 cdn_spo_0000098 cdn_spo_0001339 cdn_spo_0001133 cts_for_0001859 cdn_spo_0000003 cdn_spo_0001431 cdn_spo_0001377 cdn_spo_0000837 cdn_spo_0000854 cdn_eco_0001224 cts_soc_0003070
014,cte_foc_0003581 cts_soc_0000198 cts_soc_0005701 cts_soc_0000166 cts_for_0000538 cts_soc_0005744 cts_esy_0000489 cts_soc_0004771 cdn_for_0000192 cdn_soc_0001662 cts_soc_0001862 cdn_soc_0001663 cts_soc_0004772 cts_soc_0000334 cts_for_0002005 cts_for_0000603 cts_soc_0000250 cts_soc_0000094 cte_foc_0003568 cts_soc_0003749 cdn_soc_0004731 cdn_soc_0003578 cte_foc_0003612 cts_soc_0005861 cdn_soc_0000206 cdn_soc_0000620 cdn_soc_0001664 cts_soc_0002062 cte_foc_0000999 cdn_soc_0001660 cte_foc_0000864 cts_soc_0001864 cts_soc_0000312 cdn_soc_0002654 cts_soc_0000070 cts_soc_0005751 cdn_soc_0004711 cte_esy_0000232 cdn_for_0000084 cdn_soc_0005054 cdn_soc_0000348 cts_soc_0006220 cdn_soc_0002603 cts_soc_0005886 cdn_soc_0004793 cdn_soc_0003666 cdn_ent_0000023 cts_soc_0005904 cte_foc_0003337 cts_soc_0005743 cdn_soc_0002801 cdn_soc_0000643 cdn_foc_0008454 cts_soc_0002194 cts_foc_0005174 cts_soc_0005276 cts_soc_0000117 cts_soc_0005946 cdn_soc_0001373 cts_soc_0001201 cts_eco_0004072 cdn_edu_0000684 cdn_soc_0003735 cts_soc_0005943 cts_soc_0005997 cts_for_0000163 cte_foc_0000934 cdn_ent_0000092 cdn_edu_0000660 cts_soc_0005813 cts_soc_0000310 cdn_soc_0002003 cdn_soc_0000374 cdn_foc_0006249 cdn_soc_0001398 cdn_edu_0000237 cdn_soc_0003679 cts_art_0000787 cdn_eco_0000199 cts_soc_0000870 cdn_soc_0002282 cts_soc_0005756 cts_soc_0002588 cte_foc_0003524 cdn_soc_0004873 cts_soc_0004451 cdn_ent_0000243 cts_soc_0005782 cts_soc_0000316 cdn_soc_0003962 cts_art_0000256 cts_soc_0001109 cte_foc_0003091 cts_soc_0000988 cts_soc_0006082 cts_soc_0000101 cdn_soc_0000616 cdn_soc_0004815 cts_for_0000123 cts_soc_0006016
015,cts_pol_0002130 cts_pol_0002104 cts_ent_0002422 cdn_foc_0007442 cdn_foc_0007502 cts_foc_0003364 cts_foc_0003431 cts_pol_0001986 ctc_foc_0002290 cts_ent_0002431 cts_pol_0002068 cdn_foc_0003657 cts_for_0001304 cts_pol_0002341 cdn_foc_0007489 cts_foc_0004218 cdn_foc_0007463 cts_foc_0002461 cts_pol_0000532 cdn_foc_0004273 cts_ent_0000556 cts_foc_0002453 cts_pol_0002198 ctc_dep_0000267 cts_ent_0001196 cdn_ent_0000749 cts_foc_0003520 cts_foc_0003930 cts_ent_0001514 cdn_foc_0003922 cdn_foc_0007663 cdn_foc_0001868 cts_ent_0002614 cdn_soc_0003320 cdn_foc_0007672 cts_ent_0000496 cts_int_0001266 cdn_foc_0007017 cts_for_0001348 cdn_chi_0001408 cts_for_0001625 ctc_chi_0001869 cts_ent_0003136 ctc_esy_0000028 cts_pol_0001867 cts_pol_0001827 cdn_foc_0007464 cts_ent_0001792 cte_foc_0002759 cts_ent_0001225 ctc_mnf_0001840 cdn_for_0000438 cdn_foc_0003475 cdn_ent_0000177 cdn_foc_0003459 cts_pol_0001726 cts_int_0001305 cts_pol_0002107 cdn_foc_0003476 cte_foc_0002480 cdn_foc_0003274 cdn_soc_0003322 cts_ent_0002068 ctc_foc_0001454 cdn_foc_0001827 cts_foc_0003482 cts_pol_0001972 cts_ent_0000302 cdn_foc_0002975 cts_int_0001245 cdn_foc_0007644 cts_int_0000598 cts_soc_0004572 cts_foc_0003543 cdn_soc_0001221 cts_ent_0000054 cts_for_0000904 ctc_dep_0000752 cts_for_0001361 cts_ent_0000247 cdn_foc_0003153 cts_esy_0000321 cts_ent_0000121 cdn_foc_0003581 cdn_foc_0003178 cte_foc_0002476 cts_pol_0002133 cts_soc_0003580 cts_esy_0000194 cts_soc_0006206 ctc_foc_0002699 cdn_soc_0002931 cdn_foc_0007600 cts_for_0000750 cdn_soc_0003294 cts_ent_0003154 cts_foc_0003484 cts_ent_0002840 cdn_ent_0001289 ctc_ser_0000526
016,cts_soc_0001667 cts_soc_0002130 cte_foc_0000351 cdn_soc_0001864 cts_soc_0001669 cts_esy_0000115 cts_soc_0000402 cts_soc_0000900 cdn_soc_0001975 cts_chi_0000830 cts_soc_0001352 cts_foc_0003042 cte_foc_0000590 cte_foc_0001389 cts_soc_0001272 cts_soc_0002995 cdn_chi_0000741 cte_foc_0000657 cts_soc_0001849 cte_foc_0000271 cdn_foc_0006186 cts_soc_0000661 cdn_chi_0000680 cdn_soc_0000799 cts_for_0000292 cte_foc_0000676 cdn_chi_0000698 cts_soc_0002272 cts_chi_0000942 cdn_soc_0001679 cts_soc_0000110 cdn_soc_0003505 cdn_soc_0000941 cdn_foc_0006091 cts_soc_0004800 cts_soc_0003051 cte_foc_0000211 cdn_soc_0000580 cts_soc_0000772 cts_soc_0000851 cdn_soc_0000207 cts_soc_0001351 cts_soc_0001090 cts_for_0002018 cts_for_0000123 cts_soc_0001622 cts_soc_0000796 cdn_soc_0002795 cdn_soc_0004221 cts_soc_0001350 cdn_chi_0000813 cdn_soc_0000779 cts_soc_0000005 cts_soc_0001666 cte_foc_0000465 cts_soc_0000100 cte_foc_0001778 cts_soc_0001723 cte_foc_0000302 cts_soc_0001270 cte_foc_0000656 cts_soc_0001564 cts_foc_0000818 cts_soc_0000983 cts_soc_0000871 cts_chi_0000105 cdn_soc_0002600 cts_for_0000482 cts_soc_0001063 cts_soc_0003981 cts_soc_0004400 cdn_foc_0006121 cts_for_0000280 cts_soc_0001133 cts_soc_0000889 cts_soc_0001132 ctc_chi_0000476 cdn_soc_0001129 cts_foc_0000595 cts_soc_0000751 cte_foc_0000254 cts_soc_0002932 cdn_soc_0002053 cdn_soc_0000384 cte_foc_0000364 cte_foc_0000671 cdn_soc_0000648 cte_foc_0000507 cdn_soc_0004868 cdn_soc_0000381 cdn_soc_0003918 cts_soc_0002659 cts_soc_0000948 cts_soc_0000807 cts_foc_0000591 cdn_soc_0001399 cdn_soc_0002593 cts_soc_0001737 cte_esy_0000020 cdn_foc_0006124
017,cts_pol_0000173 cdn_foc_0000324 cts_pol_0000152 cdn_foc_0000172 cts_foc_0003787 cte_foc_0000094 cts_pol_0002264 cts_for_0000111 cts_pol_0000883 cts_for_0000083 cts_pol_0000078 cts_pol_0000157 cts_for_0001597 cts_foc_0004742 cts_soc_0001693 cts_esy_0000022 cts_for_0001812 cdn_foc_0000441 cts_pol_0000092 cts_pol_0002263 cts_pol_0000007 cts_pol_0000180 cdn_soc_0003519 cts_soc_0001575 cts_for_0001165 cts_soc_0005115 cts_pol_0000179 cdn_foc_0004098 cdn_foc_0000326 cts_pol_0000181 cts_soc_0002974 cdn_foc_0002543 cdn_foc_0002563 cte_foc_0000174 cts_soc_0003021 cts_soc_0003146 cts_esy_0000245 cts_pol_0001643 cts_soc_0002972 cts_pol_0000781 cts_pol_0001602 cdn_soc_0002849 cts_pol_0001470 cdn_foc_0000303 cts_soc_0002611 cts_foc_0003702 cts_soc_0003044 cts_pol_0001661 cdn_soc_0003953 cts_for_0000668 cts_for_0001475 cts_soc_0005172 cts_pol_0000672 cts_foc_0001188 cdn_soc_0000777 cts_soc_0001422 cdn_foc_0002753 cts_soc_0001023 cts_for_0000655 cts_soc_0000163 cdn_foc_0005708 cts_pol_0002574 cte_foc_0002547 cts_soc_0005346 cts_soc_0005432 cts_soc_0002612 cts_foc_0003081 cdn_foc_0002544 cdn_foc_0002564 cts_foc_0003082 ctc_dep_0001564 cts_int_0000566 cts_int_0000564 cts_for_0002047 cdn_foc_0000312 cts_for_0001747 cts_soc_0003543 cts_int_0000349 cdn_soc_0003428 cts_soc_0002121 cdn_chi_0001380 cdn_eco_0003079 cdn_soc_0002848 cts_esy_0000165 cts_soc_0003183 cdn_foc_0006867 cdn_soc_0003156 ctc_dep_0001216 cts_soc_0002276 cts_foc_0004221 cte_foc_0001185 cts_art_0001140 cts_soc_0000689 cts_soc_0005284 cts_int_0000377 cdn_eco_0000315 cts_soc_0000421 cdn_soc_0002684 cts_soc_0003155 cdn_foc_0008251
018,cdn_spo_0000837 cdn_spo_0000352 cdn_spo_0000243 cdn_spo_0000941 cdn_spo_0000517 cdn_spo_0000373 cts_for_0001628 cdn_spo_0001000 cdn_spo_0000899 cdn_spo_0000961 ctc_cgo_0000362 cdn_soc_0001997 cdn_spo_0001400 cdn_spo_0000891 cdn_spo_0000963 cdn_soc_0002042 cdn_soc_0002126 cdn_soc_0003232 cdn_soc_0002100 ctc_eco_0001345 cts_soc_0004915 cts_for_0000991 cdn_spo_0000974 cdn_spo_0001119 cts_for_0001859 cdn_soc_0003877 cdn_soc_0002047 cts_for_0000945 cts_soc_0002406 cdn_spo_0001300 cdn_spo_0000979 ctc_chi_0001284 ctc_foc_0001380 cts_soc_0002243 cdn_for_0000471 cdn_soc_0002076 cdn_soc_0001900 ctc_eco_0000497 cte_foc_0003155 cdn_soc_0001959 cte_foc_0003161 cdn_soc_0003217 cdn_soc_0002079 cte_foc_0002887 cdn_spo_0000976 cts_for_0000743 ctc_dep_0001482 cdn_soc_0002127 cts_soc_0002269 cts_soc_0002147 cdn_soc_0003876 cdn_soc_0002099 cdn_foc_0003390 ctc_eco_0001211 cts_soc_0004840 cts_soc_0002420 cts_soc_0002436 cdn_soc_0003705 cdn_eco_0001387 cdn_soc_0002561 cdn_spo_0001612 cdn_chi_0001725 ctc_cgo_0000694 ctc_esy_0000094 ctc_cgo_0000716 cdn_soc_0002211 ctc_cgo_0000355 cdn_spo_0001187 cts_soc_0000949 ctc_mnf_0000586 cdn_soc_0003810 cts_soc_0000382 cts_soc_0004716 ctc_eco_0001140 cdn_spo_0001285 cdn_spo_0001563 cdn_spo_0001147 cdn_soc_0004311 cdn_spo_0001486 cts_eco_0002975 cts_soc_0002255 cdn_soc_0002469 cdn_spo_0001429 cdn_soc_0001980 cdn_soc_0002142 cdn_spo_0000087 cts_soc_0003826 cdn_eco_0001224 cdn_soc_0004100 cdn_spo_0001289 ctc_dep_0000041 cdn_soc_0002583 cdn_soc_0003196 cdn_spo_0001468 cdn_soc_0002391 cdn_eco_0002891 cdn_spo_0001472 ctc_dep_0001127 cts_for_0001878 cte_foc_0002367
019,cts_pol_0003207 cdn_foc_0005643 cts_pol_0003217 cdn_foc_0004185 cts_pol_0002947 cdn_foc_0005731 cts_pol_0003249 cdn_foc_0004196 cts_pol_0003216 cts_pol_0001392 cts_esy_0000222 cdn_foc_0001125 cts_pol_0002044 cdn_eco_0002017 cts_soc_0000002 cte_foc_0001624 cts_pol_0002045 cts_foc_0002977 cdn_foc_0000075 cdn_for_0000170 cts_foc_0003098 cdn_foc_0005444 cts_pol_0002036 cdn_soc_0003252 cdn_foc_0006950 cts_for_0000033 cts_pol_0002023 cts_soc_0002716 cts_for_0001162 cdn_eco_0001648 ctc_foc_0001803 cdn_for_0000329 cdn_foc_0001456 cts_for_0001169 cdn_for_0000262 cts_for_0000840 ctc_dep_0000536 cts_esy_0000428 cts_foc_0002975 cts_esy_0000012 cts_for_0001160 cte_foc_0002399 cdn_chi_0000503 cts_soc_0004776 cdn_foc_0002372 cts_foc_0002980 cdn_foc_0004529 cte_foc_0000081 cts_soc_0002763 cdn_foc_0005365 cdn_soc_0003499 cdn_for_0000467 cdn_foc_0000859 cte_esy_0000006 cdn_foc_0006845 cdn_for_0000238 cdn_chi_0001806 cts_pol_0001134 cts_foc_0004221 cdn_foc_0002207 cdn_soc_0001306 cdn_foc_0003669 cdn_foc_0002957 cdn_foc_0003628 cts_soc_0005909 cts_foc_0002338 cdn_foc_0004237 cte_foc_0001925 cdn_foc_0002173 cts_foc_0000246 cts_pol_0003063 cts_soc_0000605 cts_esy_0000160 cts_for_0001308 cdn_foc_0004620 cdn_foc_0002956 cdn_foc_0006916 cts_soc_0000547 cdn_foc_0006663 cts_foc_0002223 cdn_chi_0000149 cts_esy_0000038 cdn_chi_0001052 cdn_soc_0001014 cts_foc_0005187 cte_esy_0000142 cts_int_0002380 cts_soc_0001274 cts_for_0001747 cdn_foc_0001461 cts_soc_0002959 cdn_foc_0002230 cts_int_0000120 cts_soc_0003589 cts_foc_0002707 cdn_foc_0003452 cts_for_0001646 cdn_chi_0001039 cts_foc_0001461 cdn_soc_0001024
020,cte_foc_0003560 cdn_foc_0008499 cts_int_0002719 cts_int_0002759 cdn_foc_0008510 cts_int_0002780 cdn_foc_0008434 cdn_foc_0008422 cts_foc_0005252 cts_int_0002742 cts_int_0002677 cts_int_0002751 cts_int_0002687 cts_int_0002663 cts_int_0000384 cts_int_0002722 cdn_soc_0004738 cts_int_0002696 cdn_soc_0004973 cdn_foc_0008498 cdn_foc_0008491 cdn_foc_0005430 cts_int_0002723 cts_int_0002499 cdn_foc_0008485 cts_int_0002675 cts_int_0002758 cdn_foc_0005532 cdn_foc_0005603 cdn_foc_0005806 cts_int_0002740 cts_int_0002718 cts_int_0001453 cdn_foc_0005531 cts_int_0001459 cts_int_0002939 cts_int_0002697 cdn_soc_0004735 cdn_foc_0008488 cts_int_0002665 cdn_foc_0008601 cts_int_0002781 cts_int_0002651 cdn_foc_0008414 cdn_foc_0005372 cdn_foc_0005452 cts_int_0002787 cts_int_0002761 cts_int_0002727 cts_int_0002937 cts_int_0002748 cts_int_0002724 cts_int_0002741 cts_int_0002749 cte_foc_0003463 cdn_foc_0004774 cts_int_0002897 ctc_eco_0001533 cts_int_0002845 cts_int_0002841 cts_pol_0003154 cts_int_0002835 ctc_eco_0001637 cts_int_0001474 cdn_foc_0008418 cts_int_0001482 cts_int_0002833 cts_int_0002726 cts_int_0001500 cts_int_0002881 cts_soc_0005593 cts_int_0001631 cts_int_0000401 cts_for_0001996 cdn_ent_0000178 cdn_foc_0005287 cts_int_0002403 cts_int_0002840 cts_int_0002790 cts_int_0002688 cts_int_0002700 cts_chi_0002222 cts_int_0002454 cts_int_0002352 cdn_foc_0005584 cts_int_0002716 cts_int_0002743 cts_int_0002801 cts_foc_0005251 cts_int_0001499 cts_int_0001068 cdn_foc_0008631 cts_for_0002004 cdn_foc_0003039 cts_pol_0003195 cts_foc_0005706 cts_pol_0003230 ctc_eco_0001510 cdn_foc_0005529 cts_foc_0005110
021,ctc_ser_0000389 cdn_soc_0002006 cts_for_0000709 cts_eco_0001506 ctc_ser_0000390 ctc_fin_0001382 cte_esy_0000087 cts_ent_0000893 cte_foc_0001429 cte_foc_0003502 cts_esy_0000183 cts_eco_0003581 cts_ent_0000925 cdn_loc_0001250 ctc_foc_0000976 cts_soc_0002295 cts_for_0001073 cts_ent_0001598 cts_eco_0001607 cts_chi_0001906 cts_ent_0001511 cts_chi_0001597 cts_esy_0000554 ctc_ser_0001209 cdn_chi_0000482 cts_chi_0000910 cte_sto_0000742 cte_foc_0001364 cdn_chi_0002055 ctc_ser_0000432 cdn_loc_0002313 ctc_mnf_0000254 ctc_chi_0001025 cts_soc_0001244 ctc_ser_0000221 cts_soc_0005411 ctc_ser_0000424 ctc_ser_0000772 cts_for_0001583 ctc_ser_0000274 ctc_ser_0000793 cdn_eco_0003328 cts_chi_0000578 ctc_chi_0001321 ctc_ser_0000478 cts_eco_0003399 cts_ent_0001438 cts_for_0001831 ctc_ser_0000831 cts_chi_0002034 cts_chi_0002409 ctc_ser_0000835 ctc_ser_0000123 ctc_ser_0000279 ctc_ser_0000137 ctc_ser_0000072 ctc_ser_0000091 cts_chi_0002711 ctc_ser_0000186 cts_eco_0004410 cts_soc_0003703 ctc_ser_0000096 cdn_chi_0000945 cts_art_0001366 cdn_eco_0003210 cts_soc_0004961 cdn_chi_0001564 cts_chi_0001193 ctc_ser_0001155 ctc_ser_0000696 ctc_mnf_0001885 cdn_eco_0002085 cdn_eco_0001504 ctc_chi_0000092 ctc_ser_0001184 ctc_ser_0000135 ctc_ser_0001066 ctc_ser_0000864 ctc_ser_0000272 ctc_ser_0000363 cdn_eco_0001983 cdn_loc_0001803 cts_eco_0001235 cts_art_0001568 ctc_ser_0000032 cdn_loc_0000597 cdn_chi_0002074 ctc_ser_0000325 cts_ent_0001649 cdn_chi_0001085 cdn_chi_0001720 ctc_ser_0000079 ctc_ser_0001255 cdn_edu_0000413 cts_ent_0001091 ctc_ser_0001197 ctc_ser_0000472 cdn_chi_0001631 cdn_soc_0000362 cdn_chi_0001519
022,ctc_foc_0001687 ctc_dep_0001593 cte_foc_0000854 cts_foc_0000252 ctc_dep_0000237 cdn_foc_0001293 ctc_foc_0000709 cdn_soc_0001068 cdn_foc_0006425 cdn_eco_0000803 cdn_foc_0000844 ctc_esy_0000057 cts_foc_0000992 cdn_soc_0000836 cdn_eco_0000802 cdn_soc_0001355 cdn_soc_0001383 cts_pol_0000134 cts_eco_0000661 ctc_esy_0000044 cts_eco_0000713 cdn_for_0000127 ctc_dep_0000149 cts_foc_0000794 cdn_foc_0001758 cts_eco_0003092 ctc_foc_0000538 cdn_eco_0001178 ctc_dep_0000432 cts_for_0000058 cdn_soc_0001196 ctc_mnf_0002393 cdn_eco_0001180 cdn_soc_0000824 ctc_foc_0000961 cts_pol_0000428 cdn_soc_0001801 ctc_foc_0003560 cts_eco_0000767 cdn_eco_0003174 ctc_foc_0000860 ctc_dep_0000148 cts_pol_0000083 ctc_foc_0000564 cdn_eco_0002060 ctc_foc_0000073 cts_eco_0001358 ctc_foc_0000079 cdn_eco_0003796 ctc_foc_0000153 cts_foc_0005006 ctc_dep_0001219 cdn_foc_0007913 ctc_foc_0001357 cts_eco_0003860 ctc_foc_0001014 ctc_foc_0000624 ctc_dep_0000350 cdn_foc_0005119 cdn_soc_0001139 ctc_esy_0000233 ctc_foc_0000793 ctc_chi_0000998 ctc_foc_0000782 cdn_eco_0003776 ctc_foc_0000494 ctc_foc_0003210 cdn_eco_0000725 cts_foc_0000429 ctc_foc_0001013 cdn_soc_0000866 cts_eco_0003802 ctc_dep_0001299 cdn_soc_0000992 cdn_foc_0006432 cts_eco_0002250 cts_soc_0002321 cdn_for_0000461 ctc_tec_0001602 cts_foc_0004652 cdn_eco_0002358 cdn_eco_0001600 ctc_foc_0000388 cte_foc_0000476 cts_for_0000598 ctc_foc_0000698 cdn_eco_0001289 cts_for_0000406 ctc_foc_0000214 ctc_dep_0000483 cdn_soc_0003182 cts_foc_0000797 cts_pol_0000015 cdn_soc_0001117 cdn_soc_0000282 ctc_foc_0000791 ctc_esy_0000190 cdn_soc_0001158 cdn_eco_0000892 cdn_eco_0001201
023,cte_foc_0002963 cdn_spo_0000979 ctc_dep_0001128 ctc_dep_0001127 ctc_dep_0001126 cts_eco_0003677 cte_foc_0002955 cdn_spo_0000976 ctc_eco_0001211 ctc_mnf_0002033 cdn_spo_0000974 cts_ent_0002376 ctc_ser_0001105 cdn_foc_0002588 cts_for_0001671 ctc_ser_0001106 cts_soc_0001124 ctc_ser_0000690 cdn_soc_0003877 ctc_tec_0000205 ctc_ser_0000272 cdn_spo_0000980 cdn_spo_0001000 cts_for_0001628 ctc_dep_0000089 cdn_spo_0000963 cdn_spo_0001429 ctc_mnf_0001933 ctc_ser_0000551 cdn_soc_0000761 cdn_spo_0000826 ctc_cgo_0001167 cts_ent_0001831 ctc_mnf_0001390 ctc_ser_0001129 cdn_soc_0001055 cte_foc_0000435 cte_foc_0001711 ctc_ser_0001016 cdn_for_0000471 cts_for_0001859 cts_eco_0004410 cdn_spo_0001400 ctc_mnf_0001658 cdn_eco_0003328 cdn_soc_0003876 cdn_spo_0000243 cts_ent_0002916 ctc_tec_0001718 cdn_spo_0000137 cdn_spo_0000981 ctc_mnf_0001249 cts_int_0000957 ctc_mnf_0000564 ctc_sto_0001954 ctc_dep_0000092 cts_ent_0002533 cdn_spo_0001119 ctc_eco_0000574 ctc_dep_0001447 ctc_ser_0000094 cts_eco_0003603 cts_esy_0000058 cdn_spo_0001049 cdn_eco_0003010 ctc_sto_0004592 ctc_mnf_0002232 ctc_dep_0000803 cdn_eco_0003422 ctc_cgo_0001208 ctc_tec_0001272 ctc_tec_0000771 ctc_esy_0000231 cts_ent_0002893 ctc_tec_0000975 ctc_cgo_0000812 ctc_tec_0001496 ctc_ser_0000247 ctc_sto_0001677 ctc_tec_0000202 ctc_foc_0002647 cts_ent_0003596 cdn_spo_0000941 ctc_mnf_0001667 ctc_mnf_0001065 cts_eco_0004077 cdn_ent_0001271 cdn_spo_0000837 cts_art_0001792 ctc_sto_0001601 cts_eco_0000794 cts_eco_0003345 ctc_tec_0000064 ctc_tec_0001858 cdn_eco_0002875 ctc_sto_0005545 ctc_mnf_0000530 cdn_spo_0000373 ctc_cgo_0001038 cdn_eco_0001172
024,cts_soc_0004283 cte_foc_0002716 cte_foc_0002721 cts_soc_0004350 cts_for_0001441 cts_soc_0004251 cts_for_0001851 cts_soc_0004282 cts_for_0001436 cdn_soc_0003683 cts_for_0001435 cts_soc_0004250 cts_for_0001478 cts_soc_0004201 cdn_soc_0003618 cts_soc_0004349 cdn_foc_0004355 cdn_soc_0003638 cts_soc_0004303 cdn_foc_0003626 cts_for_0001479 cdn_soc_0003631 cts_for_0001529 cts_for_0001513 cdn_foc_0004373 cdn_soc_0005145 cte_esy_0000185 cts_for_0001527 cts_for_0001618 cts_chi_0001088 cts_soc_0001325 cdn_soc_0001054 cts_chi_0001016 cts_chi_0001025 cdn_loc_0001980 cts_soc_0000475 ctc_esy_0000066 cdn_loc_0000191 cdn_loc_0000981 cte_foc_0002131 cdn_loc_0000633 cdn_chi_0000718 cdn_loc_0001005 cdn_loc_0001013 cdn_loc_0001350 cdn_loc_0000523 cdn_soc_0002786 cts_soc_0000406 cts_for_0001630 cdn_foc_0002002 cdn_loc_0002288 cts_soc_0003014 cts_foc_0002919 cts_soc_0000821 cte_foc_0003675 cdn_loc_0000595 cdn_for_0000326 cts_for_0000890 cdn_loc_0000434 cdn_loc_0001894 cdn_loc_0001680 cts_soc_0003522 cdn_loc_0000387 cdn_soc_0002890 cdn_loc_0001830 cdn_loc_0002143 ctc_ser_0000455 cts_for_0001850 cdn_loc_0001758 cts_for_0000297 cts_soc_0003733 cdn_chi_0000910 cdn_soc_0001650 cts_chi_0000941 cts_eco_0001665 cdn_loc_0000596 cdn_loc_0000184 cdn_loc_0000539 cdn_chi_0000754 ctc_ser_0000394 cdn_soc_0000948 cte_foc_0003676 cdn_chi_0000837 cdn_soc_0001745 cts_soc_0006015 cdn_loc_0001134 cdn_soc_0005038 cdn_loc_0001505 ctc_dep_0000519 cts_soc_0002305 cts_soc_0001324 cdn_loc_0002188 cdn_soc_0002663 cdn_loc_0001747 cts_foc_0005639 cdn_loc_0000510 cdn_loc_0001540 cdn_loc_0000420 ctc_chi_0000515 cdn_soc_0004688
025,cdn_eco_0001201 cts_foc_0005006 cdn_eco_0003653 cts_eco_0001645 ctc_foc_0003257 cts_foc_0005005 cdn_eco_0003163 ctc_foc_0001334 ctc_foc_0002315 cts_eco_0003127 cts_foc_0004117 cdn_eco_0003717 cdn_foc_0007931 cts_foc_0003666 cts_eco_0003093 cts_eco_0002928 cts_foc_0004121 ctc_esy_0000201 cts_foc_0004122 cts_eco_0003802 cdn_eco_0003776 cts_eco_0003860 cdn_foc_0007936 ctc_foc_0001553 cdn_eco_0003686 cts_eco_0003825 cdn_foc_0007932 ctc_esy_0000233 ctc_esy_0000057 ctc_foc_0001013 cdn_foc_0005119 cts_eco_0003778 cdn_for_0000461 ctc_foc_0000620 ctc_foc_0003236 ctc_dep_0000507 ctc_dep_0000677 cts_eco_0003022 ctc_dep_0000863 ctc_foc_0002622 ctc_dep_0000676 ctc_foc_0002614 ctc_foc_0002413 ctc_foc_0003638 ctc_foc_0003210 ctc_foc_0001014 ctc_esy_0000190 cts_eco_0003203 ctc_dep_0001397 ctc_fin_0000825 cts_eco_0003848 cdn_foc_0007940 ctc_foc_0003252 ctc_foc_0001948 ctc_foc_0003253 ctc_foc_0001004 ctc_dep_0000215 cdn_eco_0003736 cdn_eco_0003764 cts_eco_0003396 cts_for_0000598 ctc_foc_0003169 ctc_foc_0001049 ctc_dep_0001299 ctc_dep_0001376 ctc_foc_0003154 cts_eco_0003861 cdn_foc_0008298 ctc_foc_0001064 cts_foc_0004652 cts_eco_0003578 ctc_foc_0002674 cdn_eco_0003531 cts_foc_0004120 ctc_foc_0003142 cdn_foc_0004860 cdn_foc_0008144 ctc_foc_0000160 cdn_eco_0002578 ctc_tec_0001602 cts_foc_0004625 cdn_eco_0003174 cts_foc_0004118 ctc_foc_0003669 cdn_eco_0003084 cts_eco_0003693 ctc_foc_0003504 ctc_foc_0003313 cdn_foc_0007939 cdn_foc_0007941 ctc_fin_0002195 ctc_foc_0003443 cdn_foc_0008160 cdn_foc_0006425 cts_eco_0003869 ctc_dep_0000965 ctc_foc_0003263 cts_eco_0001307 cdn_eco_0000892 ctc_foc_0000026
026,cts_soc_0006096 cts_for_0000818 cts_soc_0005905 cts_for_0001482 cts_foc_0004640 cdn_soc_0003713 cts_soc_0000345 ctc_fin_0002077 cts_soc_0001582 cdn_soc_0000044 cts_soc_0004430 cts_soc_0003844 cts_soc_0000938 cts_soc_0000373 cts_for_0000817 cdn_soc_0000050 cts_soc_0001491 cdn_soc_0004234 cts_soc_0003061 cts_soc_0006188 cdn_eco_0000628 cdn_eco_0002756 cte_foc_0002123 cts_for_0002134 cdn_soc_0002256 cts_soc_0002268 cts_foc_0005443 cts_soc_0004214 cte_foc_0000241 cts_soc_0001814 cts_foc_0005422 cts_soc_0004537 cdn_soc_0002395 ctc_fin_0000696 cts_soc_0003804 cts_for_0001074 cts_soc_0004540 cts_foc_0000662 cdn_foc_0008452 ctc_mnf_0001580 cts_soc_0002433 cts_soc_0002730 cts_soc_0003958 cts_soc_0003633 cte_foc_0000819 cts_soc_0002796 cts_soc_0004212 ctc_mnf_0001022 cdn_soc_0000710 cts_soc_0005847 cts_soc_0004741 cts_soc_0004130 cts_soc_0005856 cte_foc_0002307 cts_soc_0002349 cte_foc_0001983 cte_foc_0000803 cts_soc_0004292 cts_soc_0001023 cts_soc_0003085 cts_soc_0002750 ctc_fin_0001801 cts_eco_0004406 cdn_soc_0004037 cdn_soc_0002049 cts_soc_0001346 cts_soc_0005286 cdn_soc_0002366 cts_for_0001289 cts_soc_0006064 cdn_soc_0002031 cdn_soc_0003585 cts_soc_0004372 cts_soc_0004933 cdn_loc_0001388 cdn_soc_0000777 cdn_soc_0002257 cts_soc_0004431 cts_for_0002103 cts_soc_0001437 cts_soc_0000456 ctc_fin_0002085 cts_int_0000296 cdn_foc_0003512 cte_foc_0000844 cte_foc_0002973 cdn_foc_0008450 cts_soc_0006257 cdn_foc_0002251 cts_soc_0003870 ctc_esy_0000038 cts_foc_0000573 cts_soc_0005532 cts_chi_0000987 cts_soc_0003724 cts_soc_0005326 cts_soc_0004310 cts_soc_0003877 cts_for_0000824 cdn_foc_0003990
027,cdn_foc_0008080 cdn_foc_0008574 cte_foc_0003453 cts_foc_0005386 ctc_dep_0001403 cdn_foc_0008578 cte_foc_0003022 cdn_foc_0005236 cts_pol_0003352 cts_foc_0005071 cdn_foc_0003845 cts_foc_0003732 cts_foc_0003739 cdn_foc_0008076 cte_foc_0003127 cts_foc_0004266 cts_pol_0002678 cts_pol_0002895 cdn_foc_0008575 cdn_foc_0003693 cts_pol_0002751 cte_foc_0003597 cts_for_0002025 cts_pol_0002227 ctc_foc_0002374 cts_for_0001712 cdn_foc_0004336 cdn_foc_0008078 cts_foc_0003749 cte_foc_0002593 cts_foc_0005383 cts_foc_0005390 cdn_foc_0008077 cdn_foc_0005514 cts_pol_0002885 cts_foc_0004830 cdn_foc_0003717 cte_foc_0000960 cts_foc_0005322 cdn_foc_0004975 cdn_foc_0005538 cts_for_0002105 cts_foc_0005703 cte_foc_0002595 cts_foc_0004916 cdn_foc_0003075 cts_foc_0004944 cdn_foc_0004922 cte_foc_0003367 cts_int_0002378 cdn_foc_0001451 cts_pol_0002892 ctc_foc_0000824 cte_foc_0002787 cts_pol_0003197 cts_foc_0005368 cts_pol_0002900 ctc_foc_0002348 cte_foc_0003374 cdn_for_0000623 cts_foc_0005392 cts_pol_0002766 cts_foc_0004739 cts_foc_0000327 cts_pol_0002349 cts_pol_0002024 cte_foc_0003599 cdn_foc_0005739 cdn_foc_0005524 cdn_foc_0008678 cts_pol_0002818 cdn_foc_0003694 cts_foc_0005647 cts_pol_0000792 ctc_dep_0001589 cdn_foc_0005240 cte_foc_0003310 cts_pol_0003311 cdn_foc_0007678 cts_pol_0002802 cts_foc_0005298 cts_esy_0000418 cdn_foc_0007445 cte_foc_0000395 cts_foc_0003849 cte_foc_0002510 cts_pol_0000847 cdn_foc_0004825 cts_pol_0002234 cdn_foc_0007017 cdn_foc_0003716 cte_foc_0002851 cte_foc_0001711 cdn_foc_0005218 ctc_dep_0000974 cte_foc_0002683 cdn_foc_0005239 cts_foc_0005299 cdn_foc_0005680 cts_int_0002021
028,cte_foc_0000812 cts_pol_0000566 cdn_foc_0006345 cts_foc_0000951 cts_foc_0000979 cte_foc_0000721 cts_pol_0000551 cts_pol_0000574 cts_pol_0003256 cte_foc_0002875 cts_foc_0001044 cts_esy_0000095 cts_foc_0001017 cts_pol_0000553 cts_pol_0000540 cts_foc_0000952 cts_foc_0004080 cts_for_0001548 cts_foc_0001150 cts_for_0001557 cts_foc_0000981 cts_for_0000412 cts_pol_0000432 cts_foc_0003795 cte_foc_0000699 cts_foc_0004069 cts_foc_0001363 cts_foc_0005029 cts_foc_0005034 cts_foc_0001015 cts_pol_0000563 cts_foc_0000926 cts_foc_0001002 cts_pol_0000444 cts_foc_0004082 cdn_foc_0006331 cts_esy_0000092 cdn_foc_0001239 cts_foc_0000782 cts_foc_0005516 cdn_foc_0001114 cte_foc_0000648 cdn_foc_0006323 cts_foc_0001151 ctc_dep_0001591 cts_for_0001510 cts_foc_0003808 cts_foc_0005127 cts_foc_0004003 cte_foc_0003796 cts_pol_0001542 cts_foc_0001027 cts_foc_0001058 cdn_chi_0000138 cts_foc_0005670 cts_foc_0003771 cte_foc_0000751 cdn_foc_0008651 cts_foc_0005521 cts_esy_0000480 cdn_foc_0007910 cts_foc_0004081 cts_pol_0001195 cts_foc_0000983 cdn_foc_0001104 cts_foc_0005697 cdn_foc_0000909 cdn_foc_0005750 cts_foc_0001142 cts_foc_0004004 cts_foc_0005177 cdn_foc_0004201 cts_esy_0000090 cdn_foc_0004158 cte_foc_0001936 cte_foc_0000701 cdn_foc_0001451 cts_for_0000300 cts_pol_0000508 cts_foc_0001034 cdn_foc_0003925 cts_esy_0000380 cts_pol_0000300 cte_foc_0003479 cts_foc_0000840 cts_foc_0000844 cts_pol_0000100 cte_foc_0000109 cts_pol_0000800 cdn_foc_0002145 cts_foc_0003924 cdn_foc_0008469 cts_pol_0000576 cts_pol_0002364 cte_foc_0000780 cdn_foc_0000936 cdn_foc_0000599 cdn_foc_0008673 cts_for_0002067 cts_foc_0004192
029,cts_for_0002008 cts_soc_0005063 cte_foc_0003124 cts_soc_0005957 cts_for_0001999 cdn_soc_0004134 cdn_loc_0001805 cts_soc_0001027 cts_soc_0005956 cts_for_0002055 cts_for_0000451 cts_eco_0000871 cts_soc_0006120 cts_soc_0006052 cdn_soc_0004994 cts_soc_0005697 ctc_dep_0000560 cdn_soc_0005146 cdn_soc_0004992 cts_eco_0003496 cdn_soc_0004133 cts_soc_0006051 cts_esy_0000522 cdn_soc_0004993 cts_for_0001655 cts_eco_0003397 cdn_soc_0005161 cdn_eco_0001492 cts_for_0002063 ctc_dep_0000119 cdn_loc_0000691 cdn_loc_0000044 cdn_foc_0000417 cts_for_0000264 ctc_esy_0000017 cdn_eco_0001771 ctc_dep_0000004 ctc_dep_0000114 cts_for_0000146 cts_for_0000267 ctc_foc_0002521 cdn_loc_0002078 cdn_loc_0000767 cdn_loc_0002085 cts_soc_0003182 cts_pol_0000132 cts_foc_0000108 cts_pol_0000147 cts_for_0000316 cdn_loc_0000851 ctc_dep_0000008 ctc_esy_0000207 ctc_esy_0000003 cts_soc_0001140 cts_foc_0000813 cdn_chi_0000754 cdn_soc_0004218 cte_foc_0000526 ctc_foc_0001656 cts_soc_0002210 cts_for_0002122 cdn_soc_0003457 cts_for_0001242 cts_foc_0004195 cts_foc_0000282 cdn_soc_0003688 cte_foc_0001373 ctc_dep_0001077 cdn_soc_0005091 cdn_loc_0001313 cdn_soc_0002927 cdn_foc_0000461 cts_for_0001527 cdn_loc_0002311 cts_for_0000103 cts_foc_0000177 cts_soc_0003349 cdn_loc_0002180 cts_soc_0003347 cdn_soc_0002682 cts_for_0000311 cdn_loc_0001680 cts_for_0000890 cts_for_0001618 ctc_dep_0000396 cts_for_0001654 cts_eco_0001707 cts_foc_0001026 cdn_loc_0000176 cts_soc_0000355 cts_foc_0000624 cts_foc_0000634 cts_soc_0005822 ctc_foc_0000065 cts_soc_0004584 cdn_foc_0001332 cts_chi_0001392 cts_esy_0000032 cdn_soc_0004219 ctc_mnf_0001279
030,cdn_eco_0001876 cdn_eco_0001865 ctc_dep_0000653 ctc_dep_0000655 cts_eco_0001675 ctc_dep_0000654 ctc_esy_0000111 ctc_sto_0004657 cdn_for_0000498 ctc_sto_0004658 ctc_foc_0001359 ctc_sto_0002385 cts_foc_0004208 ctc_sto_0002668 cts_eco_0001877 ctc_fin_0002281 ctc_sto_0005109 ctc_sto_0002388 ctc_fin_0002041 cdn_eco_0001759 cdn_eco_0001744 cte_foc_0002993 ctc_foc_0001247 cdn_eco_0002568 cte_sto_0000717 ctc_sto_0003051 cdn_eco_0002989 cdn_eco_0002170 ctc_foc_0002401 cdn_eco_0001588 cte_sto_0000721 cdn_foc_0008145 cdn_eco_0003187 ctc_sto_0004159 ctc_foc_0001806 ctc_foc_0002682 ctc_dep_0000659 cdn_foc_0006835 ctc_sto_0002881 ctc_sto_0002315 cdn_eco_0000218 cdn_eco_0001513 cdn_eco_0001022 cte_sto_0000702 cts_eco_0001382 cdn_eco_0003510 ctc_fin_0002397 ctc_fin_0001453 ctc_foc_0002108 cts_eco_0002151 cdn_eco_0000482 ctc_foc_0001860 cdn_foc_0004278 ctc_foc_0000839 cdn_eco_0004056 cts_eco_0002120 cdn_eco_0002613 cts_eco_0003512 cdn_foc_0004317 ctc_sto_0004014 cdn_foc_0002106 cdn_foc_0002322 ctc_sto_0006242 ctc_sto_0002203 cts_foc_0002114 cts_eco_0002622 cdn_foc_0006126 cdn_foc_0007895 ctc_dep_0000882 cdn_eco_0002698 ctc_sto_0002106 cdn_foc_0002369 ctc_esy_0000225 cts_eco_0001802 cts_eco_0001601 ctc_foc_0001789 ctc_sto_0001374 ctc_sto_0005165 cts_eco_0001602 cdn_foc_0008101 cte_sto_0001345 ctc_foc_0001495 ctc_foc_0002263 ctc_dep_0001248 ctc_foc_0001278 ctc_sto_0000511 cts_eco_0001403 ctc_sto_0000355 ctc_sto_0001946 ctc_sto_0004660 cts_eco_0001728 ctc_foc_0002369 ctc_foc_0002697 cts_eco_0001618 ctc_sto_0002082 cdn_eco_0002937 cdn_eco_0001628 ctc_foc_0002861 ctc_foc_0001027 cdn_eco_0002369
